<BackupInst xmlns="http://www.microsoft.com/GroupPolicy/GPOOperations/Manifest"><GPOGuid><![CDATA[{6fb945dd-c2e2-486c-9f84-89aa76eea383}]]></GPOGuid><GPODomain><![CDATA[ds.opm.gov]]></GPODomain><GPODomainGuid><![CDATA[{96de0e85-3472-4b30-9870-1ab29c8da3e8}]]></GPODomainGuid><GPODomainController><![CDATA[ds.opm.gov]]></GPODomainController><BackupTime><![CDATA[2016-03-14T16:02:01]]></BackupTime><ID><![CDATA[{0DDA84F9-C311-4844-9335-712C78642A73}]]></ID><Comment><![CDATA[Backed up on 03/14/2016 12:02:01]]></Comment><GPODisplayName><![CDATA[Enterprise - Disable Windows Defender]]></GPODisplayName></BackupInst>
