<Backups xmlns="http://www.microsoft.com/GroupPolicy/GPOOperations/Manifest" xmlns:mfst="http://www.microsoft.com/GroupPolicy/GPOOperations/Manifest" mfst:version="1.0"><BackupInst><GPOGuid><![CDATA[{7868da2b-0332-4e1e-b59b-4b608ca11133}]]></GPOGuid><GPODomain><![CDATA[admin.bamcistest.test]]></GPODomain><GPODomainGuid><![CDATA[{58b18fd8-5272-4a77-a9ed-c5bcc39960bb}]]></GPODomainGuid><GPODomainController><![CDATA[admin.bamcistest.test]]></GPODomainController><BackupTime><![CDATA[2016-03-09T01:36:39]]></BackupTime><ID><![CDATA[{16D9DFEB-B399-4C3A-89A1-B597D4D3BAAE}]]></ID><Comment><![CDATA[Backed up on 03/08/2016 17:36:39]]></Comment><GPODisplayName><![CDATA[Admin - Audit NTLM Authentication]]></GPODisplayName></BackupInst></Backups>