<Backups xmlns="http://www.microsoft.com/GroupPolicy/GPOOperations/Manifest" xmlns:mfst="http://www.microsoft.com/GroupPolicy/GPOOperations/Manifest" mfst:version="1.0"><BackupInst><GPOGuid><![CDATA[{afab4253-daf5-4643-acbe-764183066155}]]></GPOGuid><GPODomain><![CDATA[admin.local]]></GPODomain><GPODomainGuid><![CDATA[{aa1e4df4-35f8-4751-81dc-9b0f094f8af5}]]></GPODomainGuid><GPODomainController><![CDATA[admin.local]]></GPODomainController><BackupTime><![CDATA[2016-06-30T13:08:06]]></BackupTime><ID><![CDATA[{867FE18A-13BE-402E-B1B2-86D2CDFE3B18}]]></ID><Comment><![CDATA[Backed up on 06/30/2016 13:08:06]]></Comment><GPODisplayName><![CDATA[LocalAdmins - Servers Non AD Management]]></GPODisplayName></BackupInst></Backups>