<Backups xmlns="http://www.microsoft.com/GroupPolicy/GPOOperations/Manifest" xmlns:mfst="http://www.microsoft.com/GroupPolicy/GPOOperations/Manifest" mfst:version="1.0"><BackupInst><GPOGuid><![CDATA[{d66d52f3-dd6a-4157-bf8b-5cee7000210d}]]></GPOGuid><GPODomain><![CDATA[admin.bamcistest.test]]></GPODomain><GPODomainGuid><![CDATA[{58b18fd8-5272-4a77-a9ed-c5bcc39960bb}]]></GPODomainGuid><GPODomainController><![CDATA[admin.bamcistest.test]]></GPODomainController><BackupTime><![CDATA[2016-03-09T01:36:42]]></BackupTime><ID><![CDATA[{A3AD7AD1-999B-4CEE-BA47-C4D3C0A221B0}]]></ID><Comment><![CDATA[Backed up on 03/08/2016 17:36:42]]></Comment><GPODisplayName><![CDATA[STIG - Google Chrome V1R3]]></GPODisplayName></BackupInst></Backups>