<BackupInst xmlns="http://www.microsoft.com/GroupPolicy/GPOOperations/Manifest"><GPOGuid><![CDATA[{1509e5a3-d880-4ee4-b0e7-4ef78a5c512d}]]></GPOGuid><GPODomain><![CDATA[admin.bamcistest.test]]></GPODomain><GPODomainGuid><![CDATA[{58b18fd8-5272-4a77-a9ed-c5bcc39960bb}]]></GPODomainGuid><GPODomainController><![CDATA[admin.bamcistest.test]]></GPODomainController><BackupTime><![CDATA[2016-03-09T01:36:34]]></BackupTime><ID><![CDATA[{9BAB3B15-913B-4CBF-B3AD-E3337E11088C}]]></ID><Comment><![CDATA[Backed up on 03/08/2016 17:36:34]]></Comment><GPODisplayName><![CDATA[STIG - Microsoft Office 2013 x86 Project V1R2]]></GPODisplayName></BackupInst>
