<Backups xmlns="http://www.microsoft.com/GroupPolicy/GPOOperations/Manifest" xmlns:mfst="http://www.microsoft.com/GroupPolicy/GPOOperations/Manifest" mfst:version="1.0"><BackupInst><GPOGuid><![CDATA[{082c7740-041e-4a2d-bedf-dfb7607e3636}]]></GPOGuid><GPODomain><![CDATA[admin.local]]></GPODomain><GPODomainGuid><![CDATA[{d87b52dd-7507-4aec-846e-a8a59f7874aa}]]></GPODomainGuid><GPODomainController><![CDATA[admin.local]]></GPODomainController><BackupTime><![CDATA[2016-06-10T13:54:07]]></BackupTime><ID><![CDATA[{F07E4F39-E6D8-4E15-9A17-9908DEA5767B}]]></ID><Comment><![CDATA[Backed up on 06/10/2016 09:54:07]]></Comment><GPODisplayName><![CDATA[Enterprise - Background Settings]]></GPODisplayName></BackupInst></Backups>