<BackupInst xmlns="http://www.microsoft.com/GroupPolicy/GPOOperations/Manifest"><GPOGuid><![CDATA[{f2e2b4e2-4bd9-475d-9c08-fa6fb689ac59}]]></GPOGuid><GPODomain><![CDATA[admin.bamcistest.test]]></GPODomain><GPODomainGuid><![CDATA[{58b18fd8-5272-4a77-a9ed-c5bcc39960bb}]]></GPODomainGuid><GPODomainController><![CDATA[admin.bamcistest.test]]></GPODomainController><BackupTime><![CDATA[2016-03-09T01:36:43]]></BackupTime><ID><![CDATA[{4D91210D-ACA9-48F3-98AF-4A2A67611E95}]]></ID><Comment><![CDATA[Backed up on 03/08/2016 17:36:43]]></Comment><GPODisplayName><![CDATA[Admin - Remote Desktop]]></GPODisplayName></BackupInst>
