<Backups xmlns="http://www.microsoft.com/GroupPolicy/GPOOperations/Manifest" xmlns:mfst="http://www.microsoft.com/GroupPolicy/GPOOperations/Manifest" mfst:version="1.0"><BackupInst><GPOGuid><![CDATA[{74f94343-066a-4331-b2a9-04ee3af7008c}]]></GPOGuid><GPODomain><![CDATA[admin.bamcistest.test]]></GPODomain><GPODomainGuid><![CDATA[{2b3fb4ac-82f4-417b-bc23-e452f56548ee}]]></GPODomainGuid><GPODomainController><![CDATA[admin.bamcistest.test]]></GPODomainController><BackupTime><![CDATA[2016-03-16T17:37:03]]></BackupTime><ID><![CDATA[{76DBA17A-20CF-42CA-95FF-CC69811AB58A}]]></ID><Comment><![CDATA[Backed up on 03/16/2016 10:37:03]]></Comment><GPODisplayName><![CDATA[STIG - Microsoft Office 2013 x86 Infopath V1R3]]></GPODisplayName></BackupInst></Backups>