<Backups xmlns="http://www.microsoft.com/GroupPolicy/GPOOperations/Manifest" xmlns:mfst="http://www.microsoft.com/GroupPolicy/GPOOperations/Manifest" mfst:version="1.0"><BackupInst><GPOGuid><![CDATA[{7a39cb5d-a3e0-4687-ab70-6cffea6c72ba}]]></GPOGuid><GPODomain><![CDATA[ds.opm.gov]]></GPODomain><GPODomainGuid><![CDATA[{96de0e85-3472-4b30-9870-1ab29c8da3e8}]]></GPODomainGuid><GPODomainController><![CDATA[AB-ADS-001-0001.ds.opm.gov]]></GPODomainController><BackupTime><![CDATA[2016-02-24T19:45:07]]></BackupTime><ID><![CDATA[{D0D61D96-F398-453E-95F5-8C3FD95BE7D6}]]></ID><Comment><![CDATA[Backed up on 02/24/2016 14:45:07]]></Comment><GPODisplayName><![CDATA[Timezone - Set Eastern Time Zone]]></GPODisplayName></BackupInst></Backups>