<BackupInst xmlns="http://www.microsoft.com/GroupPolicy/GPOOperations/Manifest"><GPOGuid><![CDATA[{8ed3138e-92ba-4c56-8836-fa258a5477d9}]]></GPOGuid><GPODomain><![CDATA[admin.local]]></GPODomain><GPODomainGuid><![CDATA[{aa1e4df4-35f8-4751-81dc-9b0f094f8af5}]]></GPODomainGuid><GPODomainController><![CDATA[admin.local]]></GPODomainController><BackupTime><![CDATA[2016-06-30T13:08:05]]></BackupTime><ID><![CDATA[{7C9381BC-4E62-4ED8-9FCF-1C885F79F2C7}]]></ID><Comment><![CDATA[Backed up on 06/30/2016 13:08:05]]></Comment><GPODisplayName><![CDATA[LocalAdmins - Servers AD Management]]></GPODisplayName></BackupInst>
