<BackupInst xmlns="http://www.microsoft.com/GroupPolicy/GPOOperations/Manifest"><GPOGuid><![CDATA[{dbcba187-2a68-4980-8fb9-ee1146f55629}]]></GPOGuid><GPODomain><![CDATA[admin.local]]></GPODomain><GPODomainGuid><![CDATA[{1885989b-b8d3-41fc-aa75-181ebc99b279}]]></GPODomainGuid><GPODomainController><![CDATA[admin.local]]></GPODomainController><BackupTime><![CDATA[2016-07-13T14:55:16]]></BackupTime><ID><![CDATA[{6C8FD6FF-2603-4516-9CDA-6A4D749B230F}]]></ID><Comment><![CDATA[Backed up on 07/13/2016 14:55:16]]></Comment><GPODisplayName><![CDATA[STIG - Windows Server 2012 R2 AD Management Member Server V2R3]]></GPODisplayName></BackupInst>
