<Backups xmlns="http://www.microsoft.com/GroupPolicy/GPOOperations/Manifest" xmlns:mfst="http://www.microsoft.com/GroupPolicy/GPOOperations/Manifest" mfst:version="1.0"><BackupInst><GPOGuid><![CDATA[{3c30b808-6d3e-400a-b09b-74344a927418}]]></GPOGuid><GPODomain><![CDATA[admin.local]]></GPODomain><GPODomainGuid><![CDATA[{1885989b-b8d3-41fc-aa75-181ebc99b279}]]></GPODomainGuid><GPODomainController><![CDATA[admin.local]]></GPODomainController><BackupTime><![CDATA[2016-07-13T14:50:59]]></BackupTime><ID><![CDATA[{1058BCD3-196E-4FF9-A4C2-F2D6CFBDBAFC}]]></ID><Comment><![CDATA[Backed up on 07/13/2016 14:50:59]]></Comment><GPODisplayName><![CDATA[STIG - Windows 8.1 Base V1R12]]></GPODisplayName></BackupInst></Backups>