<Backups xmlns="http://www.microsoft.com/GroupPolicy/GPOOperations/Manifest" xmlns:mfst="http://www.microsoft.com/GroupPolicy/GPOOperations/Manifest" mfst:version="1.0"><BackupInst><GPOGuid><![CDATA[{d96bb5ab-c4ae-475e-8189-136cf4e54d17}]]></GPOGuid><GPODomain><![CDATA[admin.bamcistest.test]]></GPODomain><GPODomainGuid><![CDATA[{2b3fb4ac-82f4-417b-bc23-e452f56548ee}]]></GPODomainGuid><GPODomainController><![CDATA[admin.bamcistest.test]]></GPODomainController><BackupTime><![CDATA[2016-03-16T17:37:06]]></BackupTime><ID><![CDATA[{10BD4DC0-72CE-496F-AEEE-D81EAFCF4046}]]></ID><Comment><![CDATA[Backed up on 03/16/2016 10:37:06]]></Comment><GPODisplayName><![CDATA[STIG - JRE 7 x86 V1R8]]></GPODisplayName></BackupInst></Backups>