<Backups xmlns="http://www.microsoft.com/GroupPolicy/GPOOperations/Manifest" xmlns:mfst="http://www.microsoft.com/GroupPolicy/GPOOperations/Manifest" mfst:version="1.0"><BackupInst><GPOGuid><![CDATA[{77897cfc-a38e-4a2f-834d-d4985f7ecd31}]]></GPOGuid><GPODomain><![CDATA[admin.bamcistest.test]]></GPODomain><GPODomainGuid><![CDATA[{2b3fb4ac-82f4-417b-bc23-e452f56548ee}]]></GPODomainGuid><GPODomainController><![CDATA[admin.bamcistest.test]]></GPODomainController><BackupTime><![CDATA[2016-03-16T17:37:03]]></BackupTime><ID><![CDATA[{80BCEC2F-C39F-40AB-BEC2-F702F88C0E88}]]></ID><Comment><![CDATA[Backed up on 03/16/2016 10:37:03]]></Comment><GPODisplayName><![CDATA[STIG - Microsoft Office 2013 x86 System V1R3]]></GPODisplayName></BackupInst></Backups>