<BackupInst xmlns="http://www.microsoft.com/GroupPolicy/GPOOperations/Manifest"><GPOGuid><![CDATA[{8afc2ab4-10f9-432f-bf38-4b925754b88e}]]></GPOGuid><GPODomain><![CDATA[admin.local]]></GPODomain><GPODomainGuid><![CDATA[{8cef550a-df10-4c62-b365-6853bdb8792a}]]></GPODomainGuid><GPODomainController><![CDATA[admin.local]]></GPODomainController><BackupTime><![CDATA[2016-07-06T19:35:30]]></BackupTime><ID><![CDATA[{66583670-4BD6-4EA6-B7C2-0CDCD6252281}]]></ID><Comment><![CDATA[Backed up on 07/06/2016 19:35:30]]></Comment><GPODisplayName><![CDATA[STIG EXEMPTION - Disable FIPS Enforcement]]></GPODisplayName></BackupInst>
