<BackupInst xmlns="http://www.microsoft.com/GroupPolicy/GPOOperations/Manifest"><GPOGuid><![CDATA[{26692bd8-cf23-46ff-9c6d-c9d13ffeb72f}]]></GPOGuid><GPODomain><![CDATA[admin.local]]></GPODomain><GPODomainGuid><![CDATA[{1885989b-b8d3-41fc-aa75-181ebc99b279}]]></GPODomainGuid><GPODomainController><![CDATA[admin.local]]></GPODomainController><BackupTime><![CDATA[2016-07-13T14:50:34]]></BackupTime><ID><![CDATA[{EEE6D756-C3C6-4337-94E2-C003BCA3B426}]]></ID><Comment><![CDATA[Backed up on 07/13/2016 14:50:34]]></Comment><GPODisplayName><![CDATA[STIG EXEMPTION - WSFC AD Allow Local Logon for CLIUSR]]></GPODisplayName></BackupInst>
