<Backups xmlns="http://www.microsoft.com/GroupPolicy/GPOOperations/Manifest" xmlns:mfst="http://www.microsoft.com/GroupPolicy/GPOOperations/Manifest" mfst:version="1.0"><BackupInst><GPOGuid><![CDATA[{57fb5710-0678-471c-af2f-740e0c6f6acf}]]></GPOGuid><GPODomain><![CDATA[ds.opm.gov]]></GPODomain><GPODomainGuid><![CDATA[{96de0e85-3472-4b30-9870-1ab29c8da3e8}]]></GPODomainGuid><GPODomainController><![CDATA[ds.opm.gov]]></GPODomainController><BackupTime><![CDATA[2016-03-14T16:01:58]]></BackupTime><ID><![CDATA[{B7208344-5DC7-4FF5-9DAC-594EF5BE3B5A}]]></ID><Comment><![CDATA[Backed up on 03/14/2016 12:01:58]]></Comment><GPODisplayName><![CDATA[VDI - UseProfilePathExtensionVersion]]></GPODisplayName></BackupInst></Backups>