<BackupInst xmlns="http://www.microsoft.com/GroupPolicy/GPOOperations/Manifest"><GPOGuid><![CDATA[{082c7740-041e-4a2d-bedf-dfb7607e3636}]]></GPOGuid><GPODomain><![CDATA[admin.local]]></GPODomain><GPODomainGuid><![CDATA[{d87b52dd-7507-4aec-846e-a8a59f7874aa}]]></GPODomainGuid><GPODomainController><![CDATA[admin.local]]></GPODomainController><BackupTime><![CDATA[2016-06-10T13:51:02]]></BackupTime><ID><![CDATA[{495112DE-E888-4BE8-A785-C04DD3FC7477}]]></ID><Comment><![CDATA[Backed up on 06/10/2016 09:51:02]]></Comment><GPODisplayName><![CDATA[Enterprise - Background Settings]]></GPODisplayName></BackupInst>
