<BackupInst xmlns="http://www.microsoft.com/GroupPolicy/GPOOperations/Manifest"><GPOGuid><![CDATA[{24853a1f-a612-4cfe-be29-0267e72c2536}]]></GPOGuid><GPODomain><![CDATA[admin.local]]></GPODomain><GPODomainGuid><![CDATA[{aa1e4df4-35f8-4751-81dc-9b0f094f8af5}]]></GPODomainGuid><GPODomainController><![CDATA[admin.local]]></GPODomainController><BackupTime><![CDATA[2016-06-30T13:08:02]]></BackupTime><ID><![CDATA[{10563807-42E5-4AFA-8962-BD6D79AA1471}]]></ID><Comment><![CDATA[Backed up on 06/30/2016 13:08:02]]></Comment><GPODisplayName><![CDATA[LocalAdmins - Workstations AD Management]]></GPODisplayName></BackupInst>
