<Backups xmlns="http://www.microsoft.com/GroupPolicy/GPOOperations/Manifest" xmlns:mfst="http://www.microsoft.com/GroupPolicy/GPOOperations/Manifest" mfst:version="1.0"><BackupInst><GPOGuid><![CDATA[{44631a71-c59a-471c-a6f5-0c18cebcdbfa}]]></GPOGuid><GPODomain><![CDATA[admin.bamcistest.test]]></GPODomain><GPODomainGuid><![CDATA[{2b3fb4ac-82f4-417b-bc23-e452f56548ee}]]></GPODomainGuid><GPODomainController><![CDATA[admin.bamcistest.test]]></GPODomainController><BackupTime><![CDATA[2016-03-16T17:37:02]]></BackupTime><ID><![CDATA[{DE59C7BF-0584-4563-86F7-54B2853E8E7E}]]></ID><Comment><![CDATA[Backed up on 03/16/2016 10:37:02]]></Comment><GPODisplayName><![CDATA[STIG - JRE 7 x64 V1R8]]></GPODisplayName></BackupInst></Backups>