<?xml version="1.0" encoding="utf-8"?>
<Files clsid="{215B2E53-57CE-475c-80FE-9EEC14635851}"><File clsid="{50BE44C8-567A-4ed1-B1D0-9234FE1F38AF}" name="deployment.config" status="deployment.config" image="1" changed="2016-04-22 14:06:01" uid="{F89F22DA-98C6-494E-AFF7-4446EE372290}" bypassErrors="1" removePolicy="1"><Properties action="R" fromPath="\\admin.local\SYSVOL\admin.local\files\stig\Java 8\deployment.config" targetPath="%WINDIR%\Sun\Java\Deployment\deployment.config" readOnly="0" archive="0" hidden="0" suppress="0"/></File>
	<File clsid="{50BE44C8-567A-4ed1-B1D0-9234FE1F38AF}" name="deployment.properties" status="deployment.properties" image="1" changed="2016-04-22 14:06:07" uid="{624C506E-8F22-418E-90D4-275F766FC27D}" bypassErrors="1" removePolicy="1"><Properties action="R" fromPath="\\admin.local\SYSVOL\admin.local\files\stig\Java 8\deployment.properties" targetPath="%WINDIR%\Sun\Java\Deployment\deployment.properties" readOnly="0" archive="0" hidden="0" suppress="0"/></File>
	<File clsid="{50BE44C8-567A-4ed1-B1D0-9234FE1F38AF}" name="exception.sites" status="exception.sites" image="1" changed="2016-04-22 14:25:43" uid="{0DF347F8-D7AC-4536-BD06-8E0DA7BCD7DE}" removePolicy="1" bypassErrors="1"><Properties action="R" fromPath="\\admin.local\SYSVOL\admin.local\files\stig\Java 8\exception.sites" targetPath="%WINDIR%\Sun\Java\Deployment\exception.sites" readOnly="0" archive="0" hidden="0" suppress="0"/></File>
</Files>
