<BackupInst xmlns="http://www.microsoft.com/GroupPolicy/GPOOperations/Manifest"><GPOGuid><![CDATA[{5c32ce3e-b985-4d29-9b9b-38f5b1ee9dd3}]]></GPOGuid><GPODomain><![CDATA[admin.bamcistest.test]]></GPODomain><GPODomainGuid><![CDATA[{58b18fd8-5272-4a77-a9ed-c5bcc39960bb}]]></GPODomainGuid><GPODomainController><![CDATA[admin.bamcistest.test]]></GPODomainController><BackupTime><![CDATA[2016-03-09T01:36:38]]></BackupTime><ID><![CDATA[{D12C5D37-05A3-4984-8DE5-58D7E6DF7AE7}]]></ID><Comment><![CDATA[Backed up on 03/08/2016 17:36:38]]></Comment><GPODisplayName><![CDATA[STIG - Microsoft Office 2013 x86 Sharepoint Designer V1R2]]></GPODisplayName></BackupInst>
