<Backups xmlns="http://www.microsoft.com/GroupPolicy/GPOOperations/Manifest" xmlns:mfst="http://www.microsoft.com/GroupPolicy/GPOOperations/Manifest" mfst:version="1.0"><BackupInst><GPOGuid><![CDATA[{c86b2b74-80fb-4222-b8ed-e5604e373b1e}]]></GPOGuid><GPODomain><![CDATA[admin.local]]></GPODomain><GPODomainGuid><![CDATA[{1885989b-b8d3-41fc-aa75-181ebc99b279}]]></GPODomainGuid><GPODomainController><![CDATA[admin.local]]></GPODomainController><BackupTime><![CDATA[2016-07-13T14:55:01]]></BackupTime><ID><![CDATA[{3ED4A516-D0D1-4BC7-8842-68F8B1098C89}]]></ID><Comment><![CDATA[Backed up on 07/13/2016 14:55:01]]></Comment><GPODisplayName><![CDATA[STIG EXEMPTION - WSFC Allow Local Logon for CLIUSR]]></GPODisplayName></BackupInst></Backups>