<Backups xmlns="http://www.microsoft.com/GroupPolicy/GPOOperations/Manifest" xmlns:mfst="http://www.microsoft.com/GroupPolicy/GPOOperations/Manifest" mfst:version="1.0"><BackupInst><GPOGuid><![CDATA[{593e5ab2-2fa2-4b1b-abca-1682fdc3a3cd}]]></GPOGuid><GPODomain><![CDATA[admin.bamcistest.test]]></GPODomain><GPODomainGuid><![CDATA[{2b3fb4ac-82f4-417b-bc23-e452f56548ee}]]></GPODomainGuid><GPODomainController><![CDATA[admin.bamcistest.test]]></GPODomainController><BackupTime><![CDATA[2016-03-16T17:37:02]]></BackupTime><ID><![CDATA[{BBD56A71-F414-470C-95EE-EF452679576E}]]></ID><Comment><![CDATA[Backed up on 03/16/2016 10:37:02]]></Comment><GPODisplayName><![CDATA[STIG - Internet Explorer 11 V1R7]]></GPODisplayName></BackupInst></Backups>