<Backups xmlns="http://www.microsoft.com/GroupPolicy/GPOOperations/Manifest" xmlns:mfst="http://www.microsoft.com/GroupPolicy/GPOOperations/Manifest" mfst:version="1.0"><BackupInst><GPOGuid><![CDATA[{68b36556-8410-4629-bc05-5b3972d84896}]]></GPOGuid><GPODomain><![CDATA[admin.bamcistest.test]]></GPODomain><GPODomainGuid><![CDATA[{58b18fd8-5272-4a77-a9ed-c5bcc39960bb}]]></GPODomainGuid><GPODomainController><![CDATA[admin.bamcistest.test]]></GPODomainController><BackupTime><![CDATA[2016-03-09T01:36:39]]></BackupTime><ID><![CDATA[{FE7B5E18-1C04-4185-B3E7-1DF35F55AFBA}]]></ID><Comment><![CDATA[Backed up on 03/08/2016 17:36:39]]></Comment><GPODisplayName><![CDATA[STIG - Microsoft Office 2013 x86 OneNote V1R2]]></GPODisplayName></BackupInst></Backups>