<Backups xmlns="http://www.microsoft.com/GroupPolicy/GPOOperations/Manifest" xmlns:mfst="http://www.microsoft.com/GroupPolicy/GPOOperations/Manifest" mfst:version="1.0"><BackupInst><GPOGuid><![CDATA[{3f4e8c2a-e80e-4ed6-9ce8-22ff635e45f8}]]></GPOGuid><GPODomain><![CDATA[admin.local]]></GPODomain><GPODomainGuid><![CDATA[{c6f009b7-b9c7-46cd-af1e-9bc5d10af8f9}]]></GPODomainGuid><GPODomainController><![CDATA[admin.local]]></GPODomainController><BackupTime><![CDATA[2016-03-22T16:09:52]]></BackupTime><ID><![CDATA[{F0245089-B70A-4C5B-B1E3-12A9325EA5CA}]]></ID><Comment><![CDATA[Backed up on 03/22/2016 09:09:52]]></Comment><GPODisplayName><![CDATA[VDI - View UI Optimization]]></GPODisplayName></BackupInst></Backups>