<?xml version="1.0" encoding="utf-8"?><!-- Copyright (c) Microsoft Corporation.  All rights reserved. --><GroupPolicyBackupScheme bkp:version="2.0" bkp:type="GroupPolicyBackupTemplate" xmlns:bkp="http://www.microsoft.com/GroupPolicy/GPOOperations" xmlns="http://www.microsoft.com/GroupPolicy/GPOOperations">
    <GroupPolicyObject><SecurityGroups><Group bkp:Source="FromDACL"><Sid><![CDATA[S-1-5-21-263268494-673744383-3414396341-519]]></Sid><SamAccountName><![CDATA[Enterprise Admins]]></SamAccountName><Type><![CDATA[UniversalGroup]]></Type><NetBIOSDomainName><![CDATA[admin]]></NetBIOSDomainName><DnsDomainName><![CDATA[admin.local]]></DnsDomainName><UPN><![CDATA[Enterprise Admins@admin.local]]></UPN></Group><Group bkp:Source="FromDACL"><Sid><![CDATA[S-1-5-21-263268494-673744383-3414396341-512]]></Sid><SamAccountName><![CDATA[Domain Admins]]></SamAccountName><Type><![CDATA[GlobalGroup]]></Type><NetBIOSDomainName><![CDATA[admin]]></NetBIOSDomainName><DnsDomainName><![CDATA[admin.local]]></DnsDomainName><UPN><![CDATA[Domain Admins@admin.local]]></UPN></Group></SecurityGroups><FilePaths/><GroupPolicyCoreSettings><ID><![CDATA[{3f4e8c2a-e80e-4ed6-9ce8-22ff635e45f8}]]></ID><Domain><![CDATA[admin.local]]></Domain><SecurityDescriptor>01 00 04 9c 00 00 00 00 00 00 00 00 00 00 00 00 14 00 00 00 04 00 dc 00 08 00 00 00 05 02 28 00 00 01 00 00 01 00 00 00 8f fd ac ed b3 ff d1 11 b4 1d 00 a0 c9 68 f9 39 01 01 00 00 00 00 00 05 0b 00 00 00 00 02 24 00 ff 00 0f 00 01 05 00 00 00 00 00 05 15 00 00 00 8e 28 b1 0f ff 85 28 28 b5 8d 83 cb 00 02 00 00 00 02 24 00 ff 00 0f 00 01 05 00 00 00 00 00 05 15 00 00 00 8e 28 b1 0f ff 85 28 28 b5 8d 83 cb 07 02 00 00 00 00 14 00 ff 00 0f 00 01 01 00 00 00 00 00 05 12 00 00 00 00 02 14 00 94 00 02 00 01 01 00 00 00 00 00 05 09 00 00 00 00 02 14 00 94 00 02 00 01 01 00 00 00 00 00 05 0b 00 00 00 00 02 14 00 ff 00 0f 00 01 01 00 00 00 00 00 05 12 00 00 00 00 0a 14 00 ff 00 0f 00 01 01 00 00 00 00 00 03 00 00 00 00</SecurityDescriptor><DisplayName><![CDATA[VDI - View UI Optimization]]></DisplayName><Options><![CDATA[0]]></Options><UserVersionNumber><![CDATA[720907]]></UserVersionNumber><MachineVersionNumber><![CDATA[4063294]]></MachineVersionNumber><MachineExtensionGuids><![CDATA[[{00000000-0000-0000-0000-000000000000}{3BAE7E51-E3F4-41D0-853D-9BB9FD47605F}{BEE07A6A-EC9F-4659-B8C9-0B1937907C83}][{35378EAC-683F-11D2-A89A-00C04FBBCFA2}{D02B1F72-3407-48AE-BA88-E8213C6761F1}][{7150F9BF-48AD-4DA4-A49C-29EF4A8369BA}{3BAE7E51-E3F4-41D0-853D-9BB9FD47605F}][{B087BE9D-ED37-454F-AF9C-04291E351182}{BEE07A6A-EC9F-4659-B8C9-0B1937907C83}]]]></MachineExtensionGuids><UserExtensionGuids><![CDATA[[{00000000-0000-0000-0000-000000000000}{BEE07A6A-EC9F-4659-B8C9-0B1937907C83}][{35378EAC-683F-11D2-A89A-00C04FBBCFA2}{D02B1F73-3407-48AE-BA88-E8213C6761F1}][{B087BE9D-ED37-454F-AF9C-04291E351182}{BEE07A6A-EC9F-4659-B8C9-0B1937907C83}]]]></UserExtensionGuids><WMIFilter/></GroupPolicyCoreSettings> 
        <GroupPolicyExtension bkp:ID="{35378EAC-683F-11D2-A89A-00C04FBBCFA2}" bkp:DescName="Registry">
            <FSObjectFile bkp:Path="%GPO_MACH_FSPATH%\registry.pol" bkp:SourceExpandedPath="\\admin.local\sysvol\admin.local\Policies\{3f4e8c2a-e80e-4ed6-9ce8-22ff635e45f8}\Machine\registry.pol" bkp:Location="DomainSysvol\GPO\Machine\registry.pol"/>
            <FSObjectFile bkp:Path="%GPO_USER_FSPATH%\registry.pol" bkp:SourceExpandedPath="\\admin.local\sysvol\admin.local\Policies\{3f4e8c2a-e80e-4ed6-9ce8-22ff635e45f8}\User\registry.pol" bkp:Location="DomainSysvol\GPO\User\registry.pol"/>
            <FSObjectFile bkp:Path="%GPO_FSPATH%\Adm\*.*" bkp:SourceExpandedPath="\\admin.local\sysvol\admin.local\Policies\{3f4e8c2a-e80e-4ed6-9ce8-22ff635e45f8}\Adm\*.*"/>
        </GroupPolicyExtension>
        
        
        
        
        
        
        
        
        
    <GroupPolicyExtension bkp:ID="{F15C46CD-82A0-4C2D-A210-5D0D3182A418}" bkp:DescName="Unknown Extension"><FSObjectDir bkp:Path="%GPO_FSPATH%\Adm" bkp:SourceExpandedPath="\\admin.local\sysvol\admin.local\Policies\{3f4e8c2a-e80e-4ed6-9ce8-22ff635e45f8}\Adm" bkp:Location="DomainSysvol\GPO\Adm"/><FSObjectDir bkp:Path="%GPO_MACH_FSPATH%\Applications" bkp:SourceExpandedPath="\\admin.local\sysvol\admin.local\Policies\{3f4e8c2a-e80e-4ed6-9ce8-22ff635e45f8}\Machine\Applications" bkp:Location="DomainSysvol\GPO\Machine\Applications"/><FSObjectFile bkp:Path="%GPO_MACH_FSPATH%\comment.cmtx" bkp:SourceExpandedPath="\\admin.local\sysvol\admin.local\Policies\{3f4e8c2a-e80e-4ed6-9ce8-22ff635e45f8}\Machine\comment.cmtx" bkp:Location="DomainSysvol\GPO\Machine\comment.cmtx"/><FSObjectDir bkp:Path="%GPO_MACH_FSPATH%\Microsoft" bkp:SourceExpandedPath="\\admin.local\sysvol\admin.local\Policies\{3f4e8c2a-e80e-4ed6-9ce8-22ff635e45f8}\Machine\Microsoft" bkp:Location="DomainSysvol\GPO\Machine\Microsoft"/><FSObjectDir bkp:Path="%GPO_MACH_FSPATH%\Microsoft\Windows NT" bkp:SourceExpandedPath="\\admin.local\sysvol\admin.local\Policies\{3f4e8c2a-e80e-4ed6-9ce8-22ff635e45f8}\Machine\Microsoft\Windows NT" bkp:Location="DomainSysvol\GPO\Machine\Microsoft\Windows NT"/><FSObjectDir bkp:Path="%GPO_MACH_FSPATH%\Microsoft\Windows NT\SecEdit" bkp:SourceExpandedPath="\\admin.local\sysvol\admin.local\Policies\{3f4e8c2a-e80e-4ed6-9ce8-22ff635e45f8}\Machine\Microsoft\Windows NT\SecEdit" bkp:Location="DomainSysvol\GPO\Machine\Microsoft\Windows NT\SecEdit"/><FSObjectFile bkp:Path="%GPO_MACH_FSPATH%\Microsoft\Windows NT\SecEdit\GptTmpl.inf" bkp:SourceExpandedPath="\\admin.local\sysvol\admin.local\Policies\{3f4e8c2a-e80e-4ed6-9ce8-22ff635e45f8}\Machine\Microsoft\Windows NT\SecEdit\GptTmpl.inf" bkp:Location="DomainSysvol\GPO\Machine\Microsoft\Windows NT\SecEdit\GptTmpl.inf"/><FSObjectDir bkp:Path="%GPO_MACH_FSPATH%\Preferences" bkp:SourceExpandedPath="\\admin.local\sysvol\admin.local\Policies\{3f4e8c2a-e80e-4ed6-9ce8-22ff635e45f8}\Machine\Preferences" bkp:Location="DomainSysvol\GPO\Machine\Preferences"/><FSObjectDir bkp:Path="%GPO_MACH_FSPATH%\Preferences\Files" bkp:SourceExpandedPath="\\admin.local\sysvol\admin.local\Policies\{3f4e8c2a-e80e-4ed6-9ce8-22ff635e45f8}\Machine\Preferences\Files" bkp:Location="DomainSysvol\GPO\Machine\Preferences\Files"/><FSObjectFile bkp:Path="%GPO_MACH_FSPATH%\Preferences\Files\Files.xml" bkp:SourceExpandedPath="\\admin.local\sysvol\admin.local\Policies\{3f4e8c2a-e80e-4ed6-9ce8-22ff635e45f8}\Machine\Preferences\Files\Files.xml" bkp:Location="DomainSysvol\GPO\Machine\Preferences\Files\Files.xml"/><FSObjectDir bkp:Path="%GPO_MACH_FSPATH%\Preferences\Registry" bkp:SourceExpandedPath="\\admin.local\sysvol\admin.local\Policies\{3f4e8c2a-e80e-4ed6-9ce8-22ff635e45f8}\Machine\Preferences\Registry" bkp:Location="DomainSysvol\GPO\Machine\Preferences\Registry"/><FSObjectFile bkp:Path="%GPO_MACH_FSPATH%\Preferences\Registry\Registry.xml" bkp:SourceExpandedPath="\\admin.local\sysvol\admin.local\Policies\{3f4e8c2a-e80e-4ed6-9ce8-22ff635e45f8}\Machine\Preferences\Registry\Registry.xml" bkp:Location="DomainSysvol\GPO\Machine\Preferences\Registry\Registry.xml"/><FSObjectDir bkp:Path="%GPO_MACH_FSPATH%\Scripts" bkp:SourceExpandedPath="\\admin.local\sysvol\admin.local\Policies\{3f4e8c2a-e80e-4ed6-9ce8-22ff635e45f8}\Machine\Scripts" bkp:Location="DomainSysvol\GPO\Machine\Scripts"/><FSObjectDir bkp:Path="%GPO_MACH_FSPATH%\Scripts\Shutdown" bkp:SourceExpandedPath="\\admin.local\sysvol\admin.local\Policies\{3f4e8c2a-e80e-4ed6-9ce8-22ff635e45f8}\Machine\Scripts\Shutdown" bkp:Location="DomainSysvol\GPO\Machine\Scripts\Shutdown"/><FSObjectDir bkp:Path="%GPO_MACH_FSPATH%\Scripts\Startup" bkp:SourceExpandedPath="\\admin.local\sysvol\admin.local\Policies\{3f4e8c2a-e80e-4ed6-9ce8-22ff635e45f8}\Machine\Scripts\Startup" bkp:Location="DomainSysvol\GPO\Machine\Scripts\Startup"/><FSObjectFile bkp:Path="%GPO_USER_FSPATH%\comment.cmtx" bkp:SourceExpandedPath="\\admin.local\sysvol\admin.local\Policies\{3f4e8c2a-e80e-4ed6-9ce8-22ff635e45f8}\User\comment.cmtx" bkp:Location="DomainSysvol\GPO\User\comment.cmtx"/><FSObjectDir bkp:Path="%GPO_USER_FSPATH%\Documents &amp; Settings" bkp:SourceExpandedPath="\\admin.local\sysvol\admin.local\Policies\{3f4e8c2a-e80e-4ed6-9ce8-22ff635e45f8}\User\Documents &amp; Settings" bkp:Location="DomainSysvol\GPO\User\Documents &amp; Settings"/><FSObjectDir bkp:Path="%GPO_USER_FSPATH%\Preferences" bkp:SourceExpandedPath="\\admin.local\sysvol\admin.local\Policies\{3f4e8c2a-e80e-4ed6-9ce8-22ff635e45f8}\User\Preferences" bkp:Location="DomainSysvol\GPO\User\Preferences"/><FSObjectDir bkp:Path="%GPO_USER_FSPATH%\Preferences\Registry" bkp:SourceExpandedPath="\\admin.local\sysvol\admin.local\Policies\{3f4e8c2a-e80e-4ed6-9ce8-22ff635e45f8}\User\Preferences\Registry" bkp:Location="DomainSysvol\GPO\User\Preferences\Registry"/><FSObjectFile bkp:Path="%GPO_USER_FSPATH%\Preferences\Registry\Registry.xml" bkp:SourceExpandedPath="\\admin.local\sysvol\admin.local\Policies\{3f4e8c2a-e80e-4ed6-9ce8-22ff635e45f8}\User\Preferences\Registry\Registry.xml" bkp:Location="DomainSysvol\GPO\User\Preferences\Registry\Registry.xml"/><FSObjectDir bkp:Path="%GPO_USER_FSPATH%\Scripts" bkp:SourceExpandedPath="\\admin.local\sysvol\admin.local\Policies\{3f4e8c2a-e80e-4ed6-9ce8-22ff635e45f8}\User\Scripts" bkp:Location="DomainSysvol\GPO\User\Scripts"/><FSObjectDir bkp:Path="%GPO_USER_FSPATH%\Scripts\Logoff" bkp:SourceExpandedPath="\\admin.local\sysvol\admin.local\Policies\{3f4e8c2a-e80e-4ed6-9ce8-22ff635e45f8}\User\Scripts\Logoff" bkp:Location="DomainSysvol\GPO\User\Scripts\Logoff"/><FSObjectDir bkp:Path="%GPO_USER_FSPATH%\Scripts\Logon" bkp:SourceExpandedPath="\\admin.local\sysvol\admin.local\Policies\{3f4e8c2a-e80e-4ed6-9ce8-22ff635e45f8}\User\Scripts\Logon" bkp:Location="DomainSysvol\GPO\User\Scripts\Logon"/></GroupPolicyExtension></GroupPolicyObject>
</GroupPolicyBackupScheme>