<Backups xmlns="http://www.microsoft.com/GroupPolicy/GPOOperations/Manifest" xmlns:mfst="http://www.microsoft.com/GroupPolicy/GPOOperations/Manifest" mfst:version="1.0"><BackupInst><GPOGuid><![CDATA[{c0bec8da-5c0f-4330-a661-e843deaf80fb}]]></GPOGuid><GPODomain><![CDATA[admin.local]]></GPODomain><GPODomainGuid><![CDATA[{c6f009b7-b9c7-46cd-af1e-9bc5d10af8f9}]]></GPODomainGuid><GPODomainController><![CDATA[admin.local]]></GPODomainController><BackupTime><![CDATA[2016-04-22T14:29:31]]></BackupTime><ID><![CDATA[{712B341F-2E28-4AAF-BF19-2683DC29F648}]]></ID><Comment><![CDATA[Backed up on 04/22/2016 07:29:31]]></Comment><GPODisplayName><![CDATA[STIG - JRE 8 x64 V1R0]]></GPODisplayName></BackupInst></Backups>