<BackupInst xmlns="http://www.microsoft.com/GroupPolicy/GPOOperations/Manifest"><GPOGuid><![CDATA[{d00ca707-578e-4b06-aa89-5ee3477b1348}]]></GPOGuid><GPODomain><![CDATA[admin.local]]></GPODomain><GPODomainGuid><![CDATA[{1885989b-b8d3-41fc-aa75-181ebc99b279}]]></GPODomainGuid><GPODomainController><![CDATA[admin.local]]></GPODomainController><BackupTime><![CDATA[2016-07-13T14:55:05]]></BackupTime><ID><![CDATA[{10154E4C-065F-468E-BB94-52EFDA7D5B4C}]]></ID><Comment><![CDATA[Backed up on 07/13/2016 14:55:05]]></Comment><GPODisplayName><![CDATA[STIG EXEMPTION - Member Server Allow Domain Admin Logon]]></GPODisplayName></BackupInst>
