<Backups xmlns="http://www.microsoft.com/GroupPolicy/GPOOperations/Manifest" xmlns:mfst="http://www.microsoft.com/GroupPolicy/GPOOperations/Manifest" mfst:version="1.0"><BackupInst><GPOGuid><![CDATA[{5bab6354-3c48-4b3f-b94b-bde5448aea75}]]></GPOGuid><GPODomain><![CDATA[admin.local]]></GPODomain><GPODomainGuid><![CDATA[{1885989b-b8d3-41fc-aa75-181ebc99b279}]]></GPODomainGuid><GPODomainController><![CDATA[admin.local]]></GPODomainController><BackupTime><![CDATA[2016-07-13T14:52:20]]></BackupTime><ID><![CDATA[{C5B8ACBA-476B-4364-8246-66D52F1ABD12}]]></ID><Comment><![CDATA[Backed up on 07/13/2016 14:52:19]]></Comment><GPODisplayName><![CDATA[STIG - Windows Server 2012 R2 Domain Controller V2R3]]></GPODisplayName></BackupInst></Backups>