<Backups xmlns="http://www.microsoft.com/GroupPolicy/GPOOperations/Manifest" xmlns:mfst="http://www.microsoft.com/GroupPolicy/GPOOperations/Manifest" mfst:version="1.0"><BackupInst><GPOGuid><![CDATA[{54711df9-731e-4077-bcae-d90b69dced6e}]]></GPOGuid><GPODomain><![CDATA[admin.bamcistest.test]]></GPODomain><GPODomainGuid><![CDATA[{58b18fd8-5272-4a77-a9ed-c5bcc39960bb}]]></GPODomainGuid><GPODomainController><![CDATA[admin.bamcistest.test]]></GPODomainController><BackupTime><![CDATA[2016-03-09T01:36:37]]></BackupTime><ID><![CDATA[{7886EC61-F476-4705-BF51-3EC3E9D680EE}]]></ID><Comment><![CDATA[Backed up on 03/08/2016 17:36:37]]></Comment><GPODisplayName><![CDATA[STIG - Microsoft Office 2013 x86 Word V1R3]]></GPODisplayName></BackupInst></Backups>