<BackupInst xmlns="http://www.microsoft.com/GroupPolicy/GPOOperations/Manifest"><GPOGuid><![CDATA[{a7592c43-664b-400d-a86a-1177baa82e05}]]></GPOGuid><GPODomain><![CDATA[admin.local]]></GPODomain><GPODomainGuid><![CDATA[{1885989b-b8d3-41fc-aa75-181ebc99b279}]]></GPODomainGuid><GPODomainController><![CDATA[admin.local]]></GPODomainController><BackupTime><![CDATA[2016-07-13T14:53:59]]></BackupTime><ID><![CDATA[{EFD18BAB-12B0-40C9-854E-AD91D28CC2A8}]]></ID><Comment><![CDATA[Backed up on 07/13/2016 14:53:59]]></Comment><GPODisplayName><![CDATA[STIG - Windows Server 2012 R2 Base V2R3]]></GPODisplayName></BackupInst>
