<Backups xmlns="http://www.microsoft.com/GroupPolicy/GPOOperations/Manifest" xmlns:mfst="http://www.microsoft.com/GroupPolicy/GPOOperations/Manifest" mfst:version="1.0"><BackupInst><GPOGuid><![CDATA[{89a363bb-287a-4019-af59-c18fc1983252}]]></GPOGuid><GPODomain><![CDATA[ds.opm.gov]]></GPODomain><GPODomainGuid><![CDATA[{96de0e85-3472-4b30-9870-1ab29c8da3e8}]]></GPODomainGuid><GPODomainController><![CDATA[AB-ADS-001-0001.ds.opm.gov]]></GPODomainController><BackupTime><![CDATA[2016-02-24T19:45:09]]></BackupTime><ID><![CDATA[{12BD2F82-9183-4322-85CC-353AB713D338}]]></ID><Comment><![CDATA[Backed up on 02/24/2016 14:45:09]]></Comment><GPODisplayName><![CDATA[Admin - Enable Group Policy Loopback Processing Merge Mode]]></GPODisplayName></BackupInst></Backups>