<BackupInst xmlns="http://www.microsoft.com/GroupPolicy/GPOOperations/Manifest"><GPOGuid><![CDATA[{7dc02a27-1803-4cca-9037-9296a835a5ba}]]></GPOGuid><GPODomain><![CDATA[admin.bamcistest.test]]></GPODomain><GPODomainGuid><![CDATA[{2b3fb4ac-82f4-417b-bc23-e452f56548ee}]]></GPODomainGuid><GPODomainController><![CDATA[admin.bamcistest.test]]></GPODomainController><BackupTime><![CDATA[2016-03-16T17:37:03]]></BackupTime><ID><![CDATA[{1DE228A0-6DE5-429D-8C42-696151F4BA90}]]></ID><Comment><![CDATA[Backed up on 03/16/2016 10:37:03]]></Comment><GPODisplayName><![CDATA[STIG - Mozilla Firefox V4R14]]></GPODisplayName></BackupInst>
