<Backups xmlns="http://www.microsoft.com/GroupPolicy/GPOOperations/Manifest" xmlns:mfst="http://www.microsoft.com/GroupPolicy/GPOOperations/Manifest" mfst:version="1.0"><BackupInst><GPOGuid><![CDATA[{50eb9e38-1048-4be4-8a05-bbb7e81c24b8}]]></GPOGuid><GPODomain><![CDATA[admin.bamcistest.test]]></GPODomain><GPODomainGuid><![CDATA[{58b18fd8-5272-4a77-a9ed-c5bcc39960bb}]]></GPODomainGuid><GPODomainController><![CDATA[admin.bamcistest.test]]></GPODomainController><BackupTime><![CDATA[2016-03-09T01:36:37]]></BackupTime><ID><![CDATA[{27840922-6EDF-4048-B719-B5C511705159}]]></ID><Comment><![CDATA[Backed up on 03/08/2016 17:36:37]]></Comment><GPODisplayName><![CDATA[STIG - Microsoft Office 2013 x86 PowerPoint V1R3]]></GPODisplayName></BackupInst></Backups>