<Backups xmlns="http://www.microsoft.com/GroupPolicy/GPOOperations/Manifest" xmlns:mfst="http://www.microsoft.com/GroupPolicy/GPOOperations/Manifest" mfst:version="1.0"><BackupInst><GPOGuid><![CDATA[{12e4750c-75f1-4bb3-8c7d-def156764553}]]></GPOGuid><GPODomain><![CDATA[admin.bamcistest.test]]></GPODomain><GPODomainGuid><![CDATA[{2b3fb4ac-82f4-417b-bc23-e452f56548ee}]]></GPODomainGuid><GPODomainController><![CDATA[admin.bamcistest.test]]></GPODomainController><BackupTime><![CDATA[2016-03-16T17:37:00]]></BackupTime><ID><![CDATA[{5FC4C257-B6EA-4112-8AB9-8AD062FBCB53}]]></ID><Comment><![CDATA[Backed up on 03/16/2016 10:37:00]]></Comment><GPODisplayName><![CDATA[STIG - Microsoft Office 2013 x86 Publisher V1R3]]></GPODisplayName></BackupInst></Backups>