<Backups xmlns="http://www.microsoft.com/GroupPolicy/GPOOperations/Manifest" xmlns:mfst="http://www.microsoft.com/GroupPolicy/GPOOperations/Manifest" mfst:version="1.0"><BackupInst><GPOGuid><![CDATA[{6d843da8-8a60-4751-9ce5-a220798f79c3}]]></GPOGuid><GPODomain><![CDATA[ds.opm.gov]]></GPODomain><GPODomainGuid><![CDATA[{96de0e85-3472-4b30-9870-1ab29c8da3e8}]]></GPODomainGuid><GPODomainController><![CDATA[ds.opm.gov]]></GPODomainController><BackupTime><![CDATA[2016-03-14T16:02:00]]></BackupTime><ID><![CDATA[{A9DC65F6-C2CE-4671-9E5A-07EA9169FCED}]]></ID><Comment><![CDATA[Backed up on 03/14/2016 12:02:00]]></Comment><GPODisplayName><![CDATA[STIG EXEMPTION - VDI]]></GPODisplayName></BackupInst></Backups>