<Backups xmlns="http://www.microsoft.com/GroupPolicy/GPOOperations/Manifest" xmlns:mfst="http://www.microsoft.com/GroupPolicy/GPOOperations/Manifest" mfst:version="1.0"><BackupInst><GPOGuid><![CDATA[{97fe504d-9cab-46b4-9d3e-7d8055c15ed2}]]></GPOGuid><GPODomain><![CDATA[admin.bamcistest.test]]></GPODomain><GPODomainGuid><![CDATA[{2b3fb4ac-82f4-417b-bc23-e452f56548ee}]]></GPODomainGuid><GPODomainController><![CDATA[admin.bamcistest.test]]></GPODomainController><BackupTime><![CDATA[2016-03-16T17:37:04]]></BackupTime><ID><![CDATA[{95588896-CA49-488F-9923-2954B760987D}]]></ID><Comment><![CDATA[Backed up on 03/16/2016 10:37:04]]></Comment><GPODisplayName><![CDATA[STIG - Microsoft Office 2013 x86 Outlook V1R6]]></GPODisplayName></BackupInst></Backups>