<BackupInst xmlns="http://www.microsoft.com/GroupPolicy/GPOOperations/Manifest"><GPOGuid><![CDATA[{61281a70-e155-429d-a02c-14c0233804a4}]]></GPOGuid><GPODomain><![CDATA[admin.bamcistest.test]]></GPODomain><GPODomainGuid><![CDATA[{58b18fd8-5272-4a77-a9ed-c5bcc39960bb}]]></GPODomainGuid><GPODomainController><![CDATA[admin.bamcistest.test]]></GPODomainController><BackupTime><![CDATA[2016-03-09T01:36:38]]></BackupTime><ID><![CDATA[{1C5C5667-93F4-4741-B5D5-B1D2B7516E42}]]></ID><Comment><![CDATA[Backed up on 03/08/2016 17:36:38]]></Comment><GPODisplayName><![CDATA[Admin - PDC Emulator Srv Records]]></GPODisplayName></BackupInst>
