<Backups xmlns="http://www.microsoft.com/GroupPolicy/GPOOperations/Manifest" xmlns:mfst="http://www.microsoft.com/GroupPolicy/GPOOperations/Manifest" mfst:version="1.0"><BackupInst><GPOGuid><![CDATA[{ec163076-e386-4636-be56-d3f46156a338}]]></GPOGuid><GPODomain><![CDATA[admin.local]]></GPODomain><GPODomainGuid><![CDATA[{1885989b-b8d3-41fc-aa75-181ebc99b279}]]></GPODomainGuid><GPODomainController><![CDATA[admin.local]]></GPODomainController><BackupTime><![CDATA[2016-07-13T14:55:50]]></BackupTime><ID><![CDATA[{9F18B01F-0250-4E40-82C0-0307B613B984}]]></ID><Comment><![CDATA[Backed up on 07/13/2016 14:55:50]]></Comment><GPODisplayName><![CDATA[STIG - Windows Server 2012 R2 Member Server V2R3]]></GPODisplayName></BackupInst></Backups>