<?xml version="1.0" encoding="utf-8"?><!-- Copyright (c) Microsoft Corporation.  All rights reserved. --><GroupPolicyBackupScheme bkp:version="2.0" bkp:type="GroupPolicyBackupTemplate" xmlns:bkp="http://www.microsoft.com/GroupPolicy/GPOOperations" xmlns="http://www.microsoft.com/GroupPolicy/GPOOperations">
    <GroupPolicyObject><SecurityGroups><Group bkp:Source="FromDACL"><Sid><![CDATA[S-1-5-21-263268494-673744383-3414396341-519]]></Sid><SamAccountName><![CDATA[Enterprise Admins]]></SamAccountName><Type><![CDATA[UniversalGroup]]></Type><NetBIOSDomainName><![CDATA[admin]]></NetBIOSDomainName><DnsDomainName><![CDATA[admin.bamcistest.test]]></DnsDomainName><UPN><![CDATA[Enterprise Admins@admin.bamcistest.test]]></UPN></Group><Group bkp:Source="FromDACL"><Sid><![CDATA[S-1-5-21-263268494-673744383-3414396341-512]]></Sid><SamAccountName><![CDATA[Domain Admins]]></SamAccountName><Type><![CDATA[GlobalGroup]]></Type><NetBIOSDomainName><![CDATA[admin]]></NetBIOSDomainName><DnsDomainName><![CDATA[admin.bamcistest.test]]></DnsDomainName><UPN><![CDATA[Domain Admins@admin.bamcistest.test]]></UPN></Group></SecurityGroups><FilePaths/><GroupPolicyCoreSettings><ID><![CDATA[{08e51352-8c72-4758-9fdb-53be61e72779}]]></ID><Domain><![CDATA[admin.bamcistest.test]]></Domain><SecurityDescriptor>01 00 04 9c 00 00 00 00 00 00 00 00 00 00 00 00 14 00 00 00 04 00 dc 00 08 00 00 00 05 02 28 00 00 01 00 00 01 00 00 00 8f fd ac ed b3 ff d1 11 b4 1d 00 a0 c9 68 f9 39 01 01 00 00 00 00 00 05 0b 00 00 00 00 02 24 00 ff 00 0f 00 01 05 00 00 00 00 00 05 15 00 00 00 8e 28 b1 0f ff 85 28 28 b5 8d 83 cb 00 02 00 00 00 02 24 00 ff 00 0f 00 01 05 00 00 00 00 00 05 15 00 00 00 8e 28 b1 0f ff 85 28 28 b5 8d 83 cb 07 02 00 00 00 00 14 00 ff 00 0f 00 01 01 00 00 00 00 00 05 12 00 00 00 00 02 14 00 94 00 02 00 01 01 00 00 00 00 00 05 09 00 00 00 00 02 14 00 94 00 02 00 01 01 00 00 00 00 00 05 0b 00 00 00 00 02 14 00 ff 00 0f 00 01 01 00 00 00 00 00 05 12 00 00 00 00 0a 14 00 ff 00 0f 00 01 01 00 00 00 00 00 03 00 00 00 00</SecurityDescriptor><DisplayName><![CDATA[Admin - Mark Environment Variable For AD Management Systems]]></DisplayName><Options><![CDATA[1]]></Options><UserVersionNumber><![CDATA[65537]]></UserVersionNumber><MachineVersionNumber><![CDATA[65537]]></MachineVersionNumber><MachineExtensionGuids><![CDATA[[{00000000-0000-0000-0000-000000000000}{35141B6B-498A-4CC7-AD59-CEF93D89B2CE}][{0E28E245-9368-4853-AD84-6DA3BA35BB75}{35141B6B-498A-4CC7-AD59-CEF93D89B2CE}]]]></MachineExtensionGuids><UserExtensionGuids/><WMIFilter/></GroupPolicyCoreSettings> 
        <GroupPolicyExtension bkp:ID="{35378EAC-683F-11D2-A89A-00C04FBBCFA2}" bkp:DescName="Registry">
            
            
            <FSObjectFile bkp:Path="%GPO_FSPATH%\Adm\*.*" bkp:SourceExpandedPath="\\admin.bamcistest.test\sysvol\admin.bamcistest.test\Policies\{08e51352-8c72-4758-9fdb-53be61e72779}\Adm\*.*"/>
        </GroupPolicyExtension>
        
        
        
        
        
        
        
        
        
    <GroupPolicyExtension bkp:ID="{F15C46CD-82A0-4C2D-A210-5D0D3182A418}" bkp:DescName="Unknown Extension"><FSObjectDir bkp:Path="%GPO_MACH_FSPATH%\Preferences" bkp:SourceExpandedPath="\\admin.bamcistest.test\sysvol\admin.bamcistest.test\Policies\{08e51352-8c72-4758-9fdb-53be61e72779}\Machine\Preferences" bkp:Location="DomainSysvol\GPO\Machine\Preferences"/><FSObjectDir bkp:Path="%GPO_MACH_FSPATH%\Preferences\EnvironmentVariables" bkp:SourceExpandedPath="\\admin.bamcistest.test\sysvol\admin.bamcistest.test\Policies\{08e51352-8c72-4758-9fdb-53be61e72779}\Machine\Preferences\EnvironmentVariables" bkp:Location="DomainSysvol\GPO\Machine\Preferences\EnvironmentVariables"/><FSObjectFile bkp:Path="%GPO_MACH_FSPATH%\Preferences\EnvironmentVariables\EnvironmentVariables.xml" bkp:SourceExpandedPath="\\admin.bamcistest.test\sysvol\admin.bamcistest.test\Policies\{08e51352-8c72-4758-9fdb-53be61e72779}\Machine\Preferences\EnvironmentVariables\EnvironmentVariables.xml" bkp:Location="DomainSysvol\GPO\Machine\Preferences\EnvironmentVariables\EnvironmentVariables.xml"/></GroupPolicyExtension></GroupPolicyObject>
</GroupPolicyBackupScheme>