<Backups xmlns="http://www.microsoft.com/GroupPolicy/GPOOperations/Manifest" xmlns:mfst="http://www.microsoft.com/GroupPolicy/GPOOperations/Manifest" mfst:version="1.0"><BackupInst><GPOGuid><![CDATA[{f5d67442-10f5-432d-809c-a0135e72e970}]]></GPOGuid><GPODomain><![CDATA[admin.bamcistest.test]]></GPODomain><GPODomainGuid><![CDATA[{58b18fd8-5272-4a77-a9ed-c5bcc39960bb}]]></GPODomainGuid><GPODomainController><![CDATA[admin.bamcistest.test]]></GPODomainController><BackupTime><![CDATA[2016-03-09T01:36:43]]></BackupTime><ID><![CDATA[{162536AF-0098-4B74-9B72-8A48AA87BEF0}]]></ID><Comment><![CDATA[Backed up on 03/08/2016 17:36:43]]></Comment><GPODisplayName><![CDATA[Admin - WMSVC Service Configuration]]></GPODisplayName></BackupInst></Backups>