<Backups xmlns="http://www.microsoft.com/GroupPolicy/GPOOperations/Manifest" xmlns:mfst="http://www.microsoft.com/GroupPolicy/GPOOperations/Manifest" mfst:version="1.0"><BackupInst><GPOGuid><![CDATA[{735346b9-606a-4b23-ab35-dc9234f93e41}]]></GPOGuid><GPODomain><![CDATA[admin.local]]></GPODomain><GPODomainGuid><![CDATA[{1885989b-b8d3-41fc-aa75-181ebc99b279}]]></GPODomainGuid><GPODomainController><![CDATA[admin.local]]></GPODomainController><BackupTime><![CDATA[2016-07-13T14:52:39]]></BackupTime><ID><![CDATA[{6557D14E-1B24-4C90-A0E2-25717AD62419}]]></ID><Comment><![CDATA[Backed up on 07/13/2016 14:52:39]]></Comment><GPODisplayName><![CDATA[STIG EXEMPTION - Allow RDP To Workstations]]></GPODisplayName></BackupInst></Backups>