<?xml version="1.0" encoding="utf-8"?>
<RegistrySettings clsid="{A3CCFC41-DFDB-43a5-8D26-0FE8B954DA51}"><Registry clsid="{9CD4B2F4-923D-47f5-A062-E897DD1DAD50}" name="ActiveTimeBias" status="ActiveTimeBias" image="12" changed="2015-06-26 16:35:39" uid="{7E305EF4-BB93-4409-BAC4-A833413B8EDD}" bypassErrors="1"><Properties action="U" displayDecimal="1" default="0" hive="HKEY_LOCAL_MACHINE" key="SYSTEM\CurrentControlSet\Control\TimeZoneInformation" name="ActiveTimeBias" type="REG_DWORD" value="000000F0"/></Registry>
	<Registry clsid="{9CD4B2F4-923D-47f5-A062-E897DD1DAD50}" name="Bias" status="Bias" image="12" changed="2015-06-26 16:35:31" uid="{C2094EB8-09BE-4EB7-811C-9B5F1FFD2460}" bypassErrors="1"><Properties action="U" displayDecimal="1" default="0" hive="HKEY_LOCAL_MACHINE" key="SYSTEM\CurrentControlSet\Control\TimeZoneInformation" name="Bias" type="REG_DWORD" value="0000012C"/></Registry>
	<Registry clsid="{9CD4B2F4-923D-47f5-A062-E897DD1DAD50}" name="DaylightBias" status="DaylightBias" image="12" changed="2015-06-26 16:35:22" uid="{C3DCFBC6-8694-4FEA-936D-E715612A166C}" bypassErrors="1"><Properties action="U" displayDecimal="0" default="0" hive="HKEY_LOCAL_MACHINE" key="SYSTEM\CurrentControlSet\Control\TimeZoneInformation" name="DaylightBias" type="REG_DWORD" value="FFFFFFC4"/></Registry>
	<Registry clsid="{9CD4B2F4-923D-47f5-A062-E897DD1DAD50}" name="DaylightName" status="DaylightName" image="7" changed="2015-06-26 16:35:16" uid="{96CE1E40-89DC-41B3-B92E-52E62913BAB1}" bypassErrors="1"><Properties action="U" displayDecimal="0" default="0" hive="HKEY_LOCAL_MACHINE" key="SYSTEM\CurrentControlSet\Control\TimeZoneInformation" name="DaylightName" type="REG_SZ" value="@tzres.dll,-111"/></Registry>
	<Registry clsid="{9CD4B2F4-923D-47f5-A062-E897DD1DAD50}" name="DaylightStart" status="DaylightStart" image="17" changed="2015-06-26 16:35:06" uid="{BD40815B-229C-45D9-B762-A47746C388C5}" bypassErrors="1"><Properties action="U" displayDecimal="0" default="0" hive="HKEY_LOCAL_MACHINE" key="SYSTEM\CurrentControlSet\Control\TimeZoneInformation" name="DaylightStart" type="REG_BINARY" value="00000300020002000000000000000000"/></Registry>
	<Registry clsid="{9CD4B2F4-923D-47f5-A062-E897DD1DAD50}" name="DynamicDaylightTimeDisabled" status="DynamicDaylightTimeDisabled" image="12" changed="2015-06-26 16:35:00" uid="{C33F6901-7045-4A5F-A598-5E76B9B26FBC}" bypassErrors="1"><Properties action="U" displayDecimal="0" default="0" hive="HKEY_LOCAL_MACHINE" key="SYSTEM\CurrentControlSet\Control\TimeZoneInformation" name="DynamicDaylightTimeDisabled" type="REG_DWORD" value="00000000"/></Registry>
	<Registry clsid="{9CD4B2F4-923D-47f5-A062-E897DD1DAD50}" name="StandardBias" status="StandardBias" image="12" changed="2015-06-26 16:34:54" uid="{348FB4B6-C38A-4A87-96A9-58652B99F89C}" bypassErrors="1"><Properties action="U" displayDecimal="0" default="0" hive="HKEY_LOCAL_MACHINE" key="SYSTEM\CurrentControlSet\Control\TimeZoneInformation" name="StandardBias" type="REG_DWORD" value="00000000"/></Registry>
	<Registry clsid="{9CD4B2F4-923D-47f5-A062-E897DD1DAD50}" name="StandardName" status="StandardName" image="7" changed="2015-06-26 16:34:47" uid="{E2344D1E-DF3E-49CD-B7C4-CCB26A17C0F7}" bypassErrors="1"><Properties action="U" displayDecimal="0" default="0" hive="HKEY_LOCAL_MACHINE" key="SYSTEM\CurrentControlSet\Control\TimeZoneInformation" name="StandardName" type="REG_SZ" value="@tzres.dll,-112"/></Registry>
	<Registry clsid="{9CD4B2F4-923D-47f5-A062-E897DD1DAD50}" name="StandardStart" status="StandardStart" image="17" changed="2015-06-26 16:34:40" uid="{2AA1C24E-CF80-401D-A300-D7C258B89EA0}" bypassErrors="1"><Properties action="U" displayDecimal="0" default="0" hive="HKEY_LOCAL_MACHINE" key="SYSTEM\CurrentControlSet\Control\TimeZoneInformation" name="StandardStart" type="REG_BINARY" value="00000B00010002000000000000000000"/></Registry>
	<Registry clsid="{9CD4B2F4-923D-47f5-A062-E897DD1DAD50}" name="TimeZoneKeyName" status="TimeZoneKeyName" image="7" bypassErrors="1" changed="2015-06-26 16:34:32" uid="{74A47ABB-7736-43F5-8B6C-772306C90B82}"><Properties action="U" displayDecimal="0" default="0" hive="HKEY_LOCAL_MACHINE" key="SYSTEM\CurrentControlSet\Control\TimeZoneInformation" name="TimeZoneKeyName" type="REG_SZ" value="Eastern Standard Time"/></Registry>
</RegistrySettings>
