<Backups xmlns="http://www.microsoft.com/GroupPolicy/GPOOperations/Manifest" xmlns:mfst="http://www.microsoft.com/GroupPolicy/GPOOperations/Manifest" mfst:version="1.0"><BackupInst><GPOGuid><![CDATA[{40eca726-26a2-402c-b6c3-885c58ed73f5}]]></GPOGuid><GPODomain><![CDATA[ds.opm.gov]]></GPODomain><GPODomainGuid><![CDATA[{96de0e85-3472-4b30-9870-1ab29c8da3e8}]]></GPODomainGuid><GPODomainController><![CDATA[ds.opm.gov]]></GPODomainController><BackupTime><![CDATA[2016-03-14T16:01:56]]></BackupTime><ID><![CDATA[{6D9720EB-572C-4C69-B26B-561E99EEC784}]]></ID><Comment><![CDATA[Backed up on 03/14/2016 12:01:56]]></Comment><GPODisplayName><![CDATA[VDI - USB Device Filtering]]></GPODisplayName></BackupInst></Backups>