<BackupInst xmlns="http://www.microsoft.com/GroupPolicy/GPOOperations/Manifest"><GPOGuid><![CDATA[{938df3f2-3cb6-4cf9-bfe2-f3c8914e158e}]]></GPOGuid><GPODomain><![CDATA[ds.opm.gov]]></GPODomain><GPODomainGuid><![CDATA[{96de0e85-3472-4b30-9870-1ab29c8da3e8}]]></GPODomainGuid><GPODomainController><![CDATA[ds.opm.gov]]></GPODomainController><BackupTime><![CDATA[2016-03-14T16:02:05]]></BackupTime><ID><![CDATA[{7FEEE048-7D41-4111-90C3-C888125B58A4}]]></ID><Comment><![CDATA[Backed up on 03/14/2016 12:02:05]]></Comment><GPODisplayName><![CDATA[PKI - Trusted Root Certificate]]></GPODisplayName></BackupInst>
