<Backups xmlns="http://www.microsoft.com/GroupPolicy/GPOOperations/Manifest" xmlns:mfst="http://www.microsoft.com/GroupPolicy/GPOOperations/Manifest" mfst:version="1.0"><BackupInst><GPOGuid><![CDATA[{7c0523b3-f315-4ef6-9a48-ec905429d26c}]]></GPOGuid><GPODomain><![CDATA[admin.local]]></GPODomain><GPODomainGuid><![CDATA[{aa1e4df4-35f8-4751-81dc-9b0f094f8af5}]]></GPODomainGuid><GPODomainController><![CDATA[admin.local]]></GPODomainController><BackupTime><![CDATA[2016-06-30T13:08:04]]></BackupTime><ID><![CDATA[{59555579-A23A-4B78-8408-BC39A133FCF0}]]></ID><Comment><![CDATA[Backed up on 06/30/2016 13:08:04]]></Comment><GPODisplayName><![CDATA[LocalAdmins - Workstations Non AD Management]]></GPODisplayName></BackupInst></Backups>