<Backups xmlns="http://www.microsoft.com/GroupPolicy/GPOOperations/Manifest" xmlns:mfst="http://www.microsoft.com/GroupPolicy/GPOOperations/Manifest" mfst:version="1.0"><BackupInst><GPOGuid><![CDATA[{b51f59df-c542-48e8-8ed0-65115cbf36ee}]]></GPOGuid><GPODomain><![CDATA[bamcistest.test]]></GPODomain><GPODomainGuid><![CDATA[{dfdb5af3-e4fc-4859-82a7-1e184ee027dd}]]></GPODomainGuid><GPODomainController><![CDATA[bamcistest.test]]></GPODomainController><BackupTime><![CDATA[2016-06-10T03:44:49]]></BackupTime><ID><![CDATA[{31A2921E-F2D1-4D54-AA86-C2F7F75EA6B3}]]></ID><Comment><![CDATA[Backed up on 06/09/2016 20:44:49]]></Comment><GPODisplayName><![CDATA[STIG EXEMPTION - Disable RPC Client Auth]]></GPODisplayName></BackupInst></Backups>