<?xml version="1.0" encoding="utf-8"?>
<EnvironmentVariables clsid="{BF141A63-327B-438a-B9BF-2C188F13B7AD}"><EnvironmentVariable clsid="{78570023-8373-4a19-BA80-2F150738EA19}" name="IsADManagementSystem" status="IsADManagementSystem = 1" image="1" removePolicy="1" bypassErrors="1" changed="2015-06-22 16:29:14" uid="{AE770663-3E58-44A0-9D42-6A1C3F6B9C49}"><Properties action="R" name="IsADManagementSystem" value="1" user="0" partial="0"/><Filters><FilterWmi bool="AND" not="0" query="select * from win32_optionalfeature where (Name = &quot;RSAT-ADDS-Tools-Feature&quot; OR Name = &quot;DirectoryServices-DomainController-Tools&quot; OR Name = &quot;DirectorySerrvices-AdministrativeCenter&quot; OR Name = &quot;Microsoft-Windows-GroupPolicy-ServerAdminTools-Update&quot; OR Name LIKE &quot;RemoteServerAdministrationTools-Roles-AD%&quot; OR Name = &quot;RemoteServerAdministrationTools-Roles-DNS&quot; OR Name = &quot;RemoteServerAdministrationTools-Features-GP&quot; OR Name LIKE &quot;RemoteServerAdministrationTools-Roles-CertificateServices%&quot;) AND InstallState = 1" nameSpace="Root\cimv2" property="" variableName=""/></Filters></EnvironmentVariable>
	<EnvironmentVariable clsid="{78570023-8373-4a19-BA80-2F150738EA19}" name="IsADManagementSystem" status="IsADManagementSystem = 0" image="1" changed="2015-06-22 16:29:43" uid="{76808F48-4C92-4595-82D3-31B16A0A1D93}" removePolicy="1" bypassErrors="1"><Properties action="R" name="IsADManagementSystem" value="0" user="0" partial="0"/><Filters><FilterWmi bool="AND" not="1" query="select * from win32_optionalfeature where (Name = &quot;RSAT-ADDS-Tools-Feature&quot; OR Name = &quot;DirectoryServices-DomainController-Tools&quot; OR Name = &quot;DirectorySerrvices-AdministrativeCenter&quot; OR Name = &quot;Microsoft-Windows-GroupPolicy-ServerAdminTools-Update&quot; OR Name LIKE &quot;RemoteServerAdministrationTools-Roles-AD%&quot; OR Name = &quot;RemoteServerAdministrationTools-Roles-DNS&quot; OR Name = &quot;RemoteServerAdministrationTools-Features-GP&quot; OR Name LIKE &quot;RemoteServerAdministrationTools-Roles-CertificateServices%&quot;) AND InstallState = 1" nameSpace="Root\cimv2" property="" variableName=""/></Filters></EnvironmentVariable>
</EnvironmentVariables>
