<BackupInst xmlns="http://www.microsoft.com/GroupPolicy/GPOOperations/Manifest"><GPOGuid><![CDATA[{c19571b5-ab5c-40e7-a4de-1634868bf0cc}]]></GPOGuid><GPODomain><![CDATA[ds.opm.gov]]></GPODomain><GPODomainGuid><![CDATA[{96de0e85-3472-4b30-9870-1ab29c8da3e8}]]></GPODomainGuid><GPODomainController><![CDATA[ds.opm.gov]]></GPODomainController><BackupTime><![CDATA[2016-03-14T16:02:09]]></BackupTime><ID><![CDATA[{C955FA1F-4A6B-4827-8B5C-EDD11392985B}]]></ID><Comment><![CDATA[Backed up on 03/14/2016 12:02:09]]></Comment><GPODisplayName><![CDATA[VDI - USB Storage Allow Override]]></GPODisplayName></BackupInst>
