<BackupInst xmlns="http://www.microsoft.com/GroupPolicy/GPOOperations/Manifest"><GPOGuid><![CDATA[{22956686-9682-434a-9f2c-ebd65f2ef4ad}]]></GPOGuid><GPODomain><![CDATA[admin.bamcistest.test]]></GPODomain><GPODomainGuid><![CDATA[{58b18fd8-5272-4a77-a9ed-c5bcc39960bb}]]></GPODomainGuid><GPODomainController><![CDATA[admin.bamcistest.test]]></GPODomainController><BackupTime><![CDATA[2016-03-09T01:36:36]]></BackupTime><ID><![CDATA[{24CB9637-F548-4F58-A7A3-73B7E66670CF}]]></ID><Comment><![CDATA[Backed up on 03/08/2016 17:36:36]]></Comment><GPODisplayName><![CDATA[STIG - Microsoft Office 2013 x86 Access V1R2]]></GPODisplayName></BackupInst>
