<Backups xmlns="http://www.microsoft.com/GroupPolicy/GPOOperations/Manifest" xmlns:mfst="http://www.microsoft.com/GroupPolicy/GPOOperations/Manifest" mfst:version="1.0"><BackupInst><GPOGuid><![CDATA[{67d5efeb-f0d3-47bd-9be6-c6fc76c79f5d}]]></GPOGuid><GPODomain><![CDATA[admin.bamcistest.test]]></GPODomain><GPODomainGuid><![CDATA[{58b18fd8-5272-4a77-a9ed-c5bcc39960bb}]]></GPODomainGuid><GPODomainController><![CDATA[admin.bamcistest.test]]></GPODomainController><BackupTime><![CDATA[2016-03-09T01:36:39]]></BackupTime><ID><![CDATA[{0B36D455-18CE-4D54-A748-278754DD9177}]]></ID><Comment><![CDATA[Backed up on 03/08/2016 17:36:39]]></Comment><GPODisplayName><![CDATA[STIG - Microsoft Office 2013 x86 Visio V1R2]]></GPODisplayName></BackupInst></Backups>