<Backups xmlns="http://www.microsoft.com/GroupPolicy/GPOOperations/Manifest" xmlns:mfst="http://www.microsoft.com/GroupPolicy/GPOOperations/Manifest" mfst:version="1.0"><BackupInst><GPOGuid><![CDATA[{ab9bb25c-bce3-4d1e-975f-c29fa91995fe}]]></GPOGuid><GPODomain><![CDATA[admin.local]]></GPODomain><GPODomainGuid><![CDATA[{1885989b-b8d3-41fc-aa75-181ebc99b279}]]></GPODomainGuid><GPODomainController><![CDATA[admin.local]]></GPODomainController><BackupTime><![CDATA[2016-07-13T14:54:10]]></BackupTime><ID><![CDATA[{170A1CD1-F917-471B-A014-0FEC4F289C38}]]></ID><Comment><![CDATA[Backed up on 07/13/2016 14:54:09]]></Comment><GPODisplayName><![CDATA[STIG - Windows 8.1 AD Management Workstation V1R12]]></GPODisplayName></BackupInst></Backups>