<?xml version="1.0" encoding="utf-8"?>
<RegistrySettings clsid="{A3CCFC41-DFDB-43a5-8D26-0FE8B954DA51}"><Registry clsid="{9CD4B2F4-923D-47f5-A062-E897DD1DAD50}" name="ActiveTimeBias" status="ActiveTimeBias" image="12" changed="2015-06-26 16:37:44" uid="{D8F40685-1B15-457F-8884-9F186DE9F922}" bypassErrors="1"><Properties action="U" displayDecimal="1" default="0" hive="HKEY_LOCAL_MACHINE" key="SYSTEM\CurrentControlSet\Control\TimeZoneInformation" name="ActiveTimeBias" type="REG_DWORD" value="000001A4"/></Registry>
	<Registry clsid="{9CD4B2F4-923D-47f5-A062-E897DD1DAD50}" name="Bias" status="Bias" image="12" changed="2015-06-26 16:37:51" uid="{BC46724D-DAA9-4973-8DA9-6AED00CD4E44}" bypassErrors="1"><Properties action="U" displayDecimal="1" default="0" hive="HKEY_LOCAL_MACHINE" key="SYSTEM\CurrentControlSet\Control\TimeZoneInformation" name="Bias" type="REG_DWORD" value="000001A4"/></Registry>
	<Registry clsid="{9CD4B2F4-923D-47f5-A062-E897DD1DAD50}" name="DaylightBias" status="DaylightBias" image="12" changed="2015-06-26 16:37:59" uid="{93D9D9D8-2395-4633-8C68-E104F19C9639}" bypassErrors="1"><Properties action="U" displayDecimal="1" default="0" hive="HKEY_LOCAL_MACHINE" key="SYSTEM\CurrentControlSet\Control\TimeZoneInformation" name="DaylightBias" type="REG_DWORD" value="00000000"/></Registry>
	<Registry clsid="{9CD4B2F4-923D-47f5-A062-E897DD1DAD50}" name="DaylightName" status="DaylightName" image="7" changed="2015-06-26 16:38:53" uid="{78436448-4361-4BE8-A70B-DF06BBC16E2C}" bypassErrors="1"><Properties action="U" displayDecimal="0" default="0" hive="HKEY_LOCAL_MACHINE" key="SYSTEM\CurrentControlSet\Control\TimeZoneInformation" name="DaylightName" type="REG_SZ" value="@tzres.dll,-201"/></Registry>
	<Registry clsid="{9CD4B2F4-923D-47f5-A062-E897DD1DAD50}" name="DaylightStart" status="DaylightStart" image="17" changed="2015-06-26 16:39:10" uid="{879726E3-9008-4F0B-8814-09598BC029F7}" bypassErrors="1"><Properties action="U" displayDecimal="0" default="0" hive="HKEY_LOCAL_MACHINE" key="SYSTEM\CurrentControlSet\Control\TimeZoneInformation" name="DaylightStart" type="REG_BINARY" value="00000000000000000000000000000000"/></Registry>
	<Registry clsid="{9CD4B2F4-923D-47f5-A062-E897DD1DAD50}" name="DynamicDaylightTimeDisabled" status="DynamicDaylightTimeDisabled" image="12" changed="2015-06-26 16:39:19" uid="{FF51019B-3E6B-4F2B-AC3B-C7B991A20FE1}" bypassErrors="1"><Properties action="U" displayDecimal="1" default="0" hive="HKEY_LOCAL_MACHINE" key="SYSTEM\CurrentControlSet\Control\TimeZoneInformation" name="DynamicDaylightTimeDisabled" type="REG_DWORD" value="00000000"/></Registry>
	<Registry clsid="{9CD4B2F4-923D-47f5-A062-E897DD1DAD50}" name="StandardBias" status="StandardBias" image="12" changed="2015-06-26 16:39:26" uid="{D557E39B-B53C-4760-9222-7B2B46151EFC}" bypassErrors="1"><Properties action="U" displayDecimal="1" default="0" hive="HKEY_LOCAL_MACHINE" key="SYSTEM\CurrentControlSet\Control\TimeZoneInformation" name="StandardBias" type="REG_DWORD" value="00000000"/></Registry>
	<Registry clsid="{9CD4B2F4-923D-47f5-A062-E897DD1DAD50}" name="StandardName" status="StandardName" image="7" changed="2015-06-26 16:39:34" uid="{91EF1CE5-3832-470A-B3B5-E80BB3DFC845}" bypassErrors="1"><Properties action="U" displayDecimal="0" default="0" hive="HKEY_LOCAL_MACHINE" key="SYSTEM\CurrentControlSet\Control\TimeZoneInformation" name="StandardName" type="REG_SZ" value="@tzres.dll,-202"/></Registry>
	<Registry clsid="{9CD4B2F4-923D-47f5-A062-E897DD1DAD50}" name="StandardStart" status="StandardStart" image="17" changed="2015-06-26 16:39:55" uid="{AB5D7570-356C-4B43-88E5-0B493EFDC911}" bypassErrors="1"><Properties action="U" displayDecimal="0" default="0" hive="HKEY_LOCAL_MACHINE" key="SYSTEM\CurrentControlSet\Control\TimeZoneInformation" name="StandardStart" type="REG_BINARY" value="00000000000000000000000000000000"/></Registry>
	<Registry clsid="{9CD4B2F4-923D-47f5-A062-E897DD1DAD50}" name="TimeZoneKeyName" status="TimeZoneKeyName" image="7" bypassErrors="1" changed="2015-06-26 16:40:05" uid="{B6135D72-CDFC-49DE-9081-70F0A6E03341}"><Properties action="U" displayDecimal="0" default="0" hive="HKEY_LOCAL_MACHINE" key="SYSTEM\CurrentControlSet\Control\TimeZoneInformation" name="TimeZoneKeyName" type="REG_SZ" value="US Mountain Standard Time"/></Registry>
</RegistrySettings>
