<BackupInst xmlns="http://www.microsoft.com/GroupPolicy/GPOOperations/Manifest"><GPOGuid><![CDATA[{24d25623-d222-4aaa-87c0-6b0a50c5b29f}]]></GPOGuid><GPODomain><![CDATA[admin.bamcistest.test]]></GPODomain><GPODomainGuid><![CDATA[{58b18fd8-5272-4a77-a9ed-c5bcc39960bb}]]></GPODomainGuid><GPODomainController><![CDATA[admin.bamcistest.test]]></GPODomainController><BackupTime><![CDATA[2016-03-09T01:36:36]]></BackupTime><ID><![CDATA[{352CA6A8-B178-40CC-97F7-2D438C7634C4}]]></ID><Comment><![CDATA[Backed up on 03/08/2016 17:36:36]]></Comment><GPODisplayName><![CDATA[Admin - WinRM]]></GPODisplayName></BackupInst>
