<Backups xmlns="http://www.microsoft.com/GroupPolicy/GPOOperations/Manifest" xmlns:mfst="http://www.microsoft.com/GroupPolicy/GPOOperations/Manifest" mfst:version="1.0"><BackupInst><GPOGuid><![CDATA[{c7983c69-5c77-42ff-93ce-fd8966c13ae6}]]></GPOGuid><GPODomain><![CDATA[admin.bamcistest.test]]></GPODomain><GPODomainGuid><![CDATA[{2b3fb4ac-82f4-417b-bc23-e452f56548ee}]]></GPODomainGuid><GPODomainController><![CDATA[admin.bamcistest.test]]></GPODomainController><BackupTime><![CDATA[2016-03-16T17:37:05]]></BackupTime><ID><![CDATA[{6DB2C1AD-9702-4798-BC07-2F8467639890}]]></ID><Comment><![CDATA[Backed up on 03/16/2016 10:37:05]]></Comment><GPODisplayName><![CDATA[STIG - Microsoft Office 2013 x86 Excel V1R4]]></GPODisplayName></BackupInst></Backups>