<BackupInst xmlns="http://www.microsoft.com/GroupPolicy/GPOOperations/Manifest"><GPOGuid><![CDATA[{261359d0-9c6b-4c35-a4ca-3d6048381740}]]></GPOGuid><GPODomain><![CDATA[admin.bamcistest.test]]></GPODomain><GPODomainGuid><![CDATA[{58b18fd8-5272-4a77-a9ed-c5bcc39960bb}]]></GPODomainGuid><GPODomainController><![CDATA[admin.bamcistest.test]]></GPODomainController><BackupTime><![CDATA[2016-03-09T01:36:36]]></BackupTime><ID><![CDATA[{A6E68286-B511-474B-BA0D-F6270ACC8445}]]></ID><Comment><![CDATA[Backed up on 03/08/2016 17:36:36]]></Comment><GPODisplayName><![CDATA[STIG - Microsoft Office 2013 x86 Lync V1R3]]></GPODisplayName></BackupInst>
