<Backups xmlns="http://www.microsoft.com/GroupPolicy/GPOOperations/Manifest" xmlns:mfst="http://www.microsoft.com/GroupPolicy/GPOOperations/Manifest" mfst:version="1.0"><BackupInst><GPOGuid><![CDATA[{be35d54e-1123-4f39-87f3-cc837d9cd5c0}]]></GPOGuid><GPODomain><![CDATA[ds.opm.gov]]></GPODomain><GPODomainGuid><![CDATA[{96de0e85-3472-4b30-9870-1ab29c8da3e8}]]></GPODomainGuid><GPODomainController><![CDATA[ds.opm.gov]]></GPODomainController><BackupTime><![CDATA[2016-03-14T16:02:09]]></BackupTime><ID><![CDATA[{53F2C118-03E8-4C40-927E-C427F59BFE3C}]]></ID><Comment><![CDATA[Backed up on 03/14/2016 12:02:09]]></Comment><GPODisplayName><![CDATA[Enterprise - Trusted Sites]]></GPODisplayName></BackupInst></Backups>