<BackupInst xmlns="http://www.microsoft.com/GroupPolicy/GPOOperations/Manifest"><GPOGuid><![CDATA[{3f4e8c2a-e80e-4ed6-9ce8-22ff635e45f8}]]></GPOGuid><GPODomain><![CDATA[admin.local]]></GPODomain><GPODomainGuid><![CDATA[{c6f009b7-b9c7-46cd-af1e-9bc5d10af8f9}]]></GPODomainGuid><GPODomainController><![CDATA[admin.local]]></GPODomainController><BackupTime><![CDATA[2016-03-22T16:02:44]]></BackupTime><ID><![CDATA[{51DFF156-2695-4945-8AFD-9CA4398D06A8}]]></ID><Comment><![CDATA[Backed up on 03/22/2016 09:02:44]]></Comment><GPODisplayName><![CDATA[VDI - View UI Optimization]]></GPODisplayName></BackupInst>
