<Backups xmlns="http://www.microsoft.com/GroupPolicy/GPOOperations/Manifest" xmlns:mfst="http://www.microsoft.com/GroupPolicy/GPOOperations/Manifest" mfst:version="1.0"><BackupInst><GPOGuid><![CDATA[{08e51352-8c72-4758-9fdb-53be61e72779}]]></GPOGuid><GPODomain><![CDATA[admin.bamcistest.test]]></GPODomain><GPODomainGuid><![CDATA[{58b18fd8-5272-4a77-a9ed-c5bcc39960bb}]]></GPODomainGuid><GPODomainController><![CDATA[admin.bamcistest.test]]></GPODomainController><BackupTime><![CDATA[2016-03-09T01:36:30]]></BackupTime><ID><![CDATA[{1AA5B39D-B694-4A18-99C2-CD2F901B2F89}]]></ID><Comment><![CDATA[Backed up on 03/08/2016 17:36:30]]></Comment><GPODisplayName><![CDATA[Admin - Mark Environment Variable For AD Management Systems]]></GPODisplayName></BackupInst></Backups>