<Backups xmlns="http://www.microsoft.com/GroupPolicy/GPOOperations/Manifest" xmlns:mfst="http://www.microsoft.com/GroupPolicy/GPOOperations/Manifest" mfst:version="1.0"><BackupInst><GPOGuid><![CDATA[{b1e3f6b5-05ae-49b4-987e-56d5905a01b8}]]></GPOGuid><GPODomain><![CDATA[admin.local]]></GPODomain><GPODomainGuid><![CDATA[{c6f009b7-b9c7-46cd-af1e-9bc5d10af8f9}]]></GPODomainGuid><GPODomainController><![CDATA[admin.local]]></GPODomainController><BackupTime><![CDATA[2016-04-22T14:29:30]]></BackupTime><ID><![CDATA[{663A230A-CF84-483C-B9E4-2602A89FB8DC}]]></ID><Comment><![CDATA[Backed up on 04/22/2016 07:29:30]]></Comment><GPODisplayName><![CDATA[STIG - JRE 8 x86 V1R0]]></GPODisplayName></BackupInst></Backups>