<Backups xmlns="http://www.microsoft.com/GroupPolicy/GPOOperations/Manifest" xmlns:mfst="http://www.microsoft.com/GroupPolicy/GPOOperations/Manifest" mfst:version="1.0"><BackupInst><GPOGuid><![CDATA[{ed1c3ef2-af97-4d81-9849-1fbba14c7db1}]]></GPOGuid><GPODomain><![CDATA[admin.bamcistest.test]]></GPODomain><GPODomainGuid><![CDATA[{58b18fd8-5272-4a77-a9ed-c5bcc39960bb}]]></GPODomainGuid><GPODomainController><![CDATA[admin.bamcistest.test]]></GPODomainController><BackupTime><![CDATA[2016-03-09T01:36:43]]></BackupTime><ID><![CDATA[{6CD93CA9-AEBB-43A8-ADAB-E375EBB07B10}]]></ID><Comment><![CDATA[Backed up on 03/08/2016 17:36:43]]></Comment><GPODisplayName><![CDATA[STIG - Microsoft Office 2013 x86 Groove V1R2]]></GPODisplayName></BackupInst></Backups>