<Backups xmlns="http://www.microsoft.com/GroupPolicy/GPOOperations/Manifest" xmlns:mfst="http://www.microsoft.com/GroupPolicy/GPOOperations/Manifest" mfst:version="1.0"><BackupInst><GPOGuid><![CDATA[{f9dde92a-c0ca-4951-ad19-89adba3f2862}]]></GPOGuid><GPODomain><![CDATA[ds.opm.gov]]></GPODomain><GPODomainGuid><![CDATA[{96de0e85-3472-4b30-9870-1ab29c8da3e8}]]></GPODomainGuid><GPODomainController><![CDATA[AB-ADS-001-0001.ds.opm.gov]]></GPODomainController><BackupTime><![CDATA[2016-02-24T19:45:19]]></BackupTime><ID><![CDATA[{21E1A4B1-C04C-47CC-9586-F0177EFE0E07}]]></ID><Comment><![CDATA[Backed up on 02/24/2016 14:45:19]]></Comment><GPODisplayName><![CDATA[Timezone - Set Arizona Time Zone]]></GPODisplayName></BackupInst></Backups>