<BackupInst xmlns="http://www.microsoft.com/GroupPolicy/GPOOperations/Manifest"><GPOGuid><![CDATA[{31b2f340-016d-11d2-945f-00c04fb984f9}]]></GPOGuid><GPODomain><![CDATA[bamcistest.test]]></GPODomain><GPODomainGuid><![CDATA[{dfdb5af3-e4fc-4859-82a7-1e184ee027dd}]]></GPODomainGuid><GPODomainController><![CDATA[bamcistest.test]]></GPODomainController><BackupTime><![CDATA[2016-06-10T03:44:43]]></BackupTime><ID><![CDATA[{5102E8AB-E348-484C-98D8-29576C0093B5}]]></ID><Comment><![CDATA[Backed up on 06/09/2016 20:44:43]]></Comment><GPODisplayName><![CDATA[Default Domain Policy]]></GPODisplayName></BackupInst>
