<Backups xmlns="http://www.microsoft.com/GroupPolicy/GPOOperations/Manifest" xmlns:mfst="http://www.microsoft.com/GroupPolicy/GPOOperations/Manifest" mfst:version="1.0"><BackupInst><GPOGuid><![CDATA[{93d6e61c-2c1f-4da3-847a-ceaad9f50c9d}]]></GPOGuid><GPODomain><![CDATA[admin.local]]></GPODomain><GPODomainGuid><![CDATA[{010e6ae5-7ebf-4ae1-9d1e-0f659a823aae}]]></GPODomainGuid><GPODomainController><![CDATA[admin.local]]></GPODomainController><BackupTime><![CDATA[2016-06-10T03:57:04]]></BackupTime><ID><![CDATA[{D5DFFFFF-C2B9-4789-8A8C-9DE9A6400F3D}]]></ID><Comment><![CDATA[Backed up on 06/09/2016 20:57:04]]></Comment><GPODisplayName><![CDATA[VDI - View UI Optimization]]></GPODisplayName></BackupInst></Backups>