<BackupInst xmlns="http://www.microsoft.com/GroupPolicy/GPOOperations/Manifest"><GPOGuid><![CDATA[{d7581c97-15ee-4fd2-aefc-e35cb370cb0b}]]></GPOGuid><GPODomain><![CDATA[admin.bamcistest.test]]></GPODomain><GPODomainGuid><![CDATA[{58b18fd8-5272-4a77-a9ed-c5bcc39960bb}]]></GPODomainGuid><GPODomainController><![CDATA[admin.bamcistest.test]]></GPODomainController><BackupTime><![CDATA[2016-03-09T01:36:42]]></BackupTime><ID><![CDATA[{70A75886-5DA7-4AFF-A6BA-321698CC8E81}]]></ID><Comment><![CDATA[Backed up on 03/08/2016 17:36:42]]></Comment><GPODisplayName><![CDATA[Admin - Interactive Logon Logging]]></GPODisplayName></BackupInst>
